<?xml version="1.0" encoding="UTF-8"?>
<project-private xmlns="http://www.netbeans.org/ns/project-private/1">
    <editor-bookmarks xmlns="http://www.netbeans.org/ns/editor-bookmarks/2" lastBookmarkId="0"/>
    <open-files xmlns="http://www.netbeans.org/ns/projectui-open-files/2">
        <group>
            <file>file:/C:/Users/Acer/Desktop/OODJ_Hostel_Management_Assignment/src/GUI/home.java</file>
            <file>file:/C:/Users/Acer/Desktop/OODJ_Hostel_Management_Assignment/src/GUI/Rooms_available_report.java</file>
            <file>file:/C:/Users/Acer/Desktop/OODJ_Hostel_Management_Assignment/src/GUI/Student_apply_room_dashboard.java</file>
            <file>file:/C:/Users/Acer/Desktop/OODJ_Hostel_Management_Assignment/src/GUI/Student_Make_Payment.java</file>
            <file>file:/C:/Users/Acer/Desktop/OODJ_Hostel_Management_Assignment/src/GUI/NewStudent.java</file>
            <file>file:/C:/Users/Acer/Desktop/OODJ_Hostel_Management_Assignment/src/GUI/Report_dashboard.java</file>
            <file>file:/C:/Users/Acer/Desktop/OODJ_Hostel_Management_Assignment/src/GUI/System_login_record.java</file>
            <file>file:/C:/Users/Acer/Desktop/OODJ_Hostel_Management_Assignment/src/GUI/Admin_approve_student.java</file>
            <file>file:/C:/Users/Acer/Desktop/OODJ_Hostel_Management_Assignment/src/GUI/hostelType.java</file>
            <file>file:/C:/Users/Acer/Desktop/OODJ_Hostel_Management_Assignment/src/GUI/studentHome.java</file>
        </group>
    </open-files>
</project-private>
